Convenience Store,Office,20,0.9090909090909091
Office,Train Station,31,0.9117647058823529
Other Great Outdoors,Train Station,31,0.8611111111111112
