Subway,Convenience Store,20,0.7407407407407407
Subway,Train Station,23,0.8518518518518519
Convenience Store,Train Station,25,0.8620689655172413
Shrine,Train Station,30,0.8333333333333334
