University,Train Station,40,0.975609756097561
Train Station,University,40,0.7547169811320755
