Convenience Store,Park,40,0.9302325581395349
Park,Convenience Store,40,0.7843137254901961
