Bridge,Road,21,0.7
Road,Bridge,21,0.7241379310344828
Bridge,Park,25,0.8333333333333334
Park,Bridge,25,0.8064516129032258
