Convenience Store,Bus Station,22,0.7857142857142857
Convenience Store,Train Station,22,0.7857142857142857
Bus Station,Road,25,0.7142857142857143
Bus Station,Train Station,27,0.7714285714285715
